order,batchNumber,levelName,makerName,discordName,makerId,briefDescription,progress,difficultyName,gameStyle,mainTheme,subTheme,clearCondition,averageClearTime,description,makerDescription,difficulty,tags,nationality,levelCode,5YMMor7MMC
1,1,Hot Rod Blaster Road,Kiavik,Kiavik,4D5-TCL-WMG,On/offs make platforms appear,100%,Expert,3DW,Castle,Castle,None,Medium (1:30-4 minutes),"As a luminary of game design once said: ""You press a button, something awesome has to happen"". And that's the basic gist of this stage.
Button â†’ Awesome. Got it?","As the leader of 5YMM, Kiavik hopes everyone appreciates all the work that went into the project. The time he can dedicate to Mario Maker has become ridiculously low, but he still hangs on!",5,"Action, Traditional",it,476-THW-YVF,5
2,1,Wooden Vessel Galaxy,â™ªRBCâ™ª,WBC [KR],6S2-8YD-6JG,Mario has arrived on a strange planet. What will happen?,100%,Normal,NSMBU,Airship,Airship,None,Long (> 4 minutes),Let's go on an adventure while listening to loop music! Mario discovers a strange galaxy that looks like a solid wooden vessel from the outside. What will he find in there?,"RBC is a very prolific music level maker, since it's actually the only course type he's good at. However, he took the opportunity to level up his craft with the help of the other 5YMM participants.",2,Music,kr,B0P-PDQ-1HG,5
3,1,Push-Through Pond,Frank88,Frankdeslimste,BFX-YWF-PYG,Level all about lifts mostly about being pushed to the ceiling and then falling off,100%,Expert,SMB,Forest Night,Forest Night,None,Medium (1:30-4 minutes),Make sure you are properly insured against concussions!,Frank is still upset he didn't get the game early enough to prevent having to slap 88 behind his name. He is however extremely happy to be part of this great project.,6,Action,nl,SM7-YT3-KKF,5
4,1,Cosmic Compass,Grakowsky,grakowsky,3CR-Q53-VHG,Star alignment puzzle,100%,Normal,SMW,Sky Night,Sky Night,None,Long (> 4 minutes),"You're on a newly inhabited planet,
Where the night air is sharp and the gravity's mild.
You've wandered for a while,
So you pack your thoughts and start to depart.
But this time you've gone too far.
You've been enchanted by the land;
And as you stand, you realize you don't know where you are.
So you look to the stars,
And they beckon like guiding hands.",Grakowsky is a husband and father of two who loves making and playing puzzles! He needs puzzles or he'll explode. That happens to him sometimes.,3,"Puzzle, Themed",us,4MN-91Y-1VG,5
5,1,Super Spiny Brothers,Aegis Cook,Aegis,FDF-VT6-KDF,Spiny chase,100%,Expert,SMB,Castle,Castle,None,Medium (1:30-4 minutes),We flee those who chase us and chase those who flee us!,"Aegis is an old-school maker who sticks vehemently to traditional designs to feed on nostalgia. Clean aesthetics are his main priority, so he made a level filled to the brim with one-ways. Have fun!",6,Action,nl,2X9-HG3-2RF,5
6,1,Springbone Scaffolding,Pinktops,Pinktops,JN4-6J7-N2G,Platforming off drybones with trampolines on their backs,100%,Normal,SMB,Airship,Airship,None,Short (< 1:30 minutes),"The Springbones labor and groan, on a project whose objectâ€™s unkown. Try to traverse their site on your own and youâ€™ll find youâ€™re accident prone. Passage through this construction zone the Springbones alone can condone.","Pinktops uses advanced mechanics to make memorable traditional courses that are, above all else, fun! AKA ""Pink Triceratops"" in the maker community, he is creative, cretaceous, and has three horns... which is 3x better than a unicorn. ",4,Traditional,us,66F-PHN-WQG,5
7,1,Skyward,Lantis,Lantis,2M7-6LY-RWG,Puzzle in the sky.,100%,Normal,SMB3,Sky,Sky,None,Medium (1:30-4 minutes),"The Warp Pipe was the most common mode of transportation in Mario's world until one day, most of the pipes broke. Help Mario find the right pipe so he can return to the Mushroom Kingdom.","Lantis doesn't have a normal life. He is in front of the screen most of the time. He likes playing adventure games, RPGs and editor-type games. Currently, he has logged 1000+ hours in Mario Maker and 2000+ hours in Animal Crossing. He also plays Genshin Impact and Fate/Grand Order (US and JPN).",3,Puzzle,ph,6LY-X63-T4G,5
8,1,Banzai Banzai Banzai Bill,Mang,derjoghurthose,SV5-0FW-3MG,"Banzai Bills everywhere, wind level.",100%,Expert,NSMBU,Desert Night,Desert Night,None,Short (< 1:30 minutes),Banzai Banzai Banzai Banzai Banzai Banzai Banzai Banzai Banzai Banzai Banzai Banzai Banzai Banzai Banzai Banzai Banzai Banzai Banzai Banzai Banzai Bonzai Banzai Banzai Banzai Banzai Banzai Banzai Banzai Banzai Bill,Mang is still Mang.,6,Action,de,NPT-7VT-YLG,5
9,2,Into the Wurmhole ,GreenStarC,GreenStarC ,Y56-8L8-FKF ,Challenging but fun platforming on wigglers and Wurmholes ,100%,Expert,SMB,Forest,Forest,None,Medium (1:30-4 minutes),Stretch the limits of physics and use wormholes like no one ever has before! Wall in front of you? Use a wormhole. Dead end? Wormhole. Fall into a pit? Wormhole. No flagpole? Wormhole... I think you get it now.,"GreenStarC is this year's only representative from Switzerland. He is known for his gimmick-driven style of level building, all about finding a gimmick and improving it to the next level.",6,"Action, Autoscroll",ch,PCD-FHY-BLG,5
10,2,Bullitt,Lektor,LektorSandvik,JGF-2PG-D3G,Bullet hat/bully interactions.,100%,Expert,3DW,Desert,Desert,None,Medium (1:30-4 m),"Boom, headshot! Bullet the bullies to scale a canyon in a creeper-infested desert.","Lektor is a Norwegian design teacher who has come to embrace the jank of 3D World. He's also the graphics/video/social media guy of the project, so like, comment, subscribe and smash that bell.",6,Action,no,P7J-DYC-KXG,5
11,2,Cloudkiller,Ms. Yarrow,Ms. Yarrow,KNT-G1N-X8G,ELB manipulation SMB2 mush cloud pluck level.,100%,Normal,SMB,Sky Night,Sky Night,None,Medium (1:30-4 minutes),Deranged individual must destroy all clouds. Play as least favorite sprite!,"Ms. Yarrow lives in a house with Mr. Yarrow, who won't play this game because they hid the questioning mushrooms. She enjoys controlling pipes with magic and wishes the gameperson to be filled with wonder.",3,"Themed, Single player",us,WLQ-KK3-RWG,5
12,2,DÃ©jÃ  Vu Run,MegaTefyt,MegaTefyt,6YM-S34-KXG,"Running through the same section three times, but every time it gets harder (due to destroyed blocks and switch states)",100%,Expert,SMB3,Ghost House,Ghost House,None,Medium (1:30-4 minutes),"Pursued by a spike ball, you must run through every section three times, but with each repetition the sections transform and become more difficult.","MegaTefyt is a 39-year-old software developer from Germany. He is known for the Get a Life! series, but loves to make platforming levels which are not too hard. He has not made levels since 4YMM, but now he is back for the latest event.",6,"Themed, Single player",de,HVM-0TN-4WF,5
13,2,Mario Regrets Taco Bell,Paxsman,Paxsman,S2W-5WH-JLG,P-Balloon boss battles.,100%,Expert,SMW,Sky,Sky Night,None,Medium (1:30-4 minutes),"This level is what happens when an inside joke turns into an outside joke, just like what happens after eating Taco Bell.",Pax is a D-list Mario celebrity trying to slide back to E-list after the fame got to his head. At his lowest point he tried to sell a Refreshing Level as innovative by having the player go horizontally.,4,Action,us,5YH-SFN-WJF,5
14,2,The Chaser,Chirisu,Chirisu,XJK-FFX-3FF,High-Speed mario will chase bullet,100%,Super Expert,SMB,Castle,Underground,None,Medium (1:30-4 minutes),Please fasten your seat belts... hyper speed warning!,"Chirisu is a Mario Maker 2 YouTuber who also streams on Twitch. He plays trolls, kaizo levels, and many other genres, and has created a considerable number of platforming levels himself.",6,Action,kr,CSH-JJ9-0WG,5
15,2,Thwotem Poles,Zurfink,Zurfink,4N3-DGJ-QYF,Multiple smaller puzzles using thwomps,100%,Normal,SMW,Underground,Underground,None,Long (> 4 minutes),"The Great Thwotem Pole has ordered his underlings, the Lesser Thwotem Poles, to create a series of puzzling challenges. Do you have what it takes to best the challenges and find your way to the Great Thwotem Pole?","Zurfink is a Swedish software engineer who has always been a fan of Nintendo. He started making levels in Super Mario Maker 2, and this is his second year as a contributor to the annual celebrations.",5,"Puzzle, Themed",se,C4K-SCS-1DG,5
16,2,New Donk Nightmare Again,Magatoro,Magatoro,QMX-59X-PXF,Mario Odyssey music level including a boss battle,100%,Normal,SMB,Sky,Sky,None,Medium (1:30-4 minutes),"New Donk City, which appeared in Super Mario Odyssey, is a metropolis famous for its many skyscrapers. The nightmare that once hit the city is about to strike back.","Magatoro is a Japanese level creator who likes to make levels with complex mechanics and gimmicks. Two of Magatoroâ€™s levels have been showcased by Nintendo: The first was a featured level in a contest held by Nintendo's official YouTube channel in Japan, and the second appeared in the Nintendo Live 2019 exposition held in Kyoto.",4,Music,jp,PWJ-7T9-FQF,5
17,3,Bowser's Fury,Persia,Persia,S8Q-3GQ-45G,Recreation of Bowser's Fury,100%,Expert,SMB3,Ground,Forest Night,None,Medium (1:30-4 minutes),This level is inspired by Bowser's Fury. Bowser Jr. needs your help to stop his furious father's rampage!,"Persia is a big fan of Nintendo games who makes unique levels in SMM2, and who takes his name from the MS-DOS version of the classic video game Prince of Persia. He hates pineapple pizza.",5,"Action, Themed",kr,YH8-WRM-MGF,5
18,3,Castle Carom,choo_choo!,choo_choo!,WRT-DKX-NHG,"A wacky platforming level combining Bully, Spike Ball, and Mushroom Trampoline mechanics",100%,Super Expert,3DW,Sky,Sky,None,Medium (1:30-4 minutes),"Bowser Jr. didn't want to be left out of the construction effort, so he built a custom bouncy house to calm his father's nerves. The end result is appropriately colorful and cheerful, with some spikes and a fight against King Boom Boom for good measure. Bowserâ€™s sure to enjoy this massive momentum-based mansion!","After playing the 4YMM levels, choo_choo set his mind on joining 5YMM. He is now super happy to be working with some of his favorite makers. Beyond making Mario levels with wacky mechanics, choo_choo enjoys such things as hugs, secrets in games, alliteration, and 3DW (both the game style and the actual game). He is also one of the Jampers that has been invited to the party this year (represent)!",6,"Action, Themed",us,CNK-4YK-M6G,5
19,3,Roller Ghoster,Luwuka,Luwuka,YY5-WK9-30G,Platforming on top of Boos,100%,Super Expert,SMB3,Airship Night,Airship Night,None,Medium (1:30-4 minutes),"Being dead can be boring, so a pack of thrill seeking Boo bros have fashioned a haunted roller coaster out of the dilapidated remains of their ghost house. Hang on tight, or you might end up being part of the ride!",Luwuka is a Brazilian maker who came out of nowhere and will probably go back to the basement after all of this. Keep out!,8,Action,br,K33-LTL-PFG,5
20,3,Don't Hassel the Hoff,DTSpies,DeathToSpies,VHP-1VM-NSG,Theme from the classic TV show Knight Rider.,100%,Expert,SMW,Ground Night,Ground Night,None,Short (< 1:30 minutes),"Enjoy the theme song to the classic TV series Knight Rider. For our younger audience, Knight Rider is the prequel to Boy Meets World detailing the time Mr. Feeny spent as a talking car who fights crime. For our even younger audience, Boy Meets World is the prequel to thedragonfeeney's stream, detailing the time she spent as an inspirational high school teacher.","DTSpies is a young loner on a crusade to champion the cause of the innocent, the helpless, the powerless, in a world of criminals who operate above the law.",5,"Music, Autoscroll",us,5MV-6V1-VSF,5
21,3,Donut Dreamland,CesiumAtom,Cesium Atom,2MP-98H-QJG,Donutblock themed platforming level,100%,Super Expert,SMB3,Castle,Sky,None,Medium (1:30-4 minutes),"Mario tries to steal some donuts from Dunkin' Bowser's. However, Bowser won't let Mario leave so easily...","Cesium Atom is a 13-year-old kid who loves SMM2 and other Super Mario games such as Super Mario Odyssey. Despite his somewhat scientific nickname, he has nearly no knowledge about science. He loves creating all types of levels, be it platformers or anything else... and yep, he likes donuts!",5,"Action, Themed",kr,FML-MQ3-VFF,5
22,3,Spring Sanctuary,jacjson,jacjson,YQ1-PBL-XQG,"Exploring momentum-based platforming with sideways springs, thwomps, and vines.",100%,Expert,SMB,Ghost House,Ghost House,None,Medium (1:30-4 minutes),Scale the sizeable subterrane of the sacred sanctum or submit to the superlative sacrifice.,"Jacjson loves sideways springs and is determined to make everyone else love them, too.",8,Action,us,F34-SGH-KYF,5
23,3,Tetromino Translation!,mini borf,mini barf,VYJ-XXG-Q6G,Tetris puzzle.,100%,Normal,SMB3,Forest,Forest,None,Long (> 4 minutes),Find the letter each Tetris block corresponds to in order to translate the secret message!,"Mini Barf is a maker from the Democratic Republic of Canadia whose interests include Mario Maker, Monster Rancher 2, and hanging out with friends.",5,"Puzzle, Themed",ca,FY3-MPD-CVG,5
24,3,Refreshing Special,nabuz,nickabuz,L7R-T93-TRG,"Propeller hat action level with ""refresh stations""",100%,Expert,NSMBU,Airship,Airship,None,Medium (1:30-4 minutes),"A tribute to MM2's most innovative level genre, now with cake!","Nabuz likes pina coladas, getting caught in the rain, and makin' Mario levels at midnight. He's best known for his contraption levels, like his 4YMM contribution, Direction Detection.",5,"Action, Autoscroll",us,H61-QLS-TWG,5
25,4,Tony Montana Mole,Donkeymint,Donkeymintinc,VCK-808-4TF,Autoscroller. Monty Mole has a machine gun.,100%,Expert,SMB3,Ground Night,Forest Night,None,Long (> 4 minutes),Do you wanna play rough? Tony Montana Mole and his endless machine gun have something to say about that. ,Donkeymint Incorporated is the leading business at the forefront of donkey mint production.,6,"Autoscroll, Themed",us,YH4-M6J-CMG,5
26,4,Bouncing Burnway,Mr Sparky,MrElectrodude,G11-K69-LGG,Various setups with SMW piranhas and winged munchers (mostly popping out or falling into the lava),100%,Expert,SMW,Castle,Castle,None,Medium (1:30-4 minutes),"Muncher bounce, muncher burn... wait, that's not how the saying goes.","Mr Sparky, or MrElectrodude, is a 20-year-old computer science student from the Netherlands with a passion for playing games. Favourites include sandboxy games like MM2 and Minecraft, but also a few competitive games like Splatoon or Smash.",6,Action,nl,3GN-JDG-JQG,5
27,4,Big Boy Bounce,poltress,poltress,CKM-P0D-M7G,Bouncing muncher on the spring,100%,Super Expert,SMB3,Castle,Castle,None,Medium (1:30-4 minutes),"By riding your Big Boy Muncher, you can travel all over the world. However, Bowser is about to steal it from under your butt. Get your ride back from Bowser!","Poltress is an ordinary middle school student in Korea. His life is just taking exams, doing homework, and level building! Last Christmas, he received a Nintendo Switch and SMM2 because he really wanted to play Versus Mode. However, he soon found it more fun to create levels instead, and now he's a part of the 5YMM festival!",6,Action,kr,7G7-85P-51H,5
28,4,Stepping on Sonic,Mang,derjoghurthose,SV5-0FW-3MG,on off spikeblock level,100%,Super Expert,3DW,Underground,Underground,None,Medium (1:30-4 minutes),Why would you step on my good friend Sonic the Hedgehog? :(,Mang is still Mang?,7,Traditional,de,5CN-3Y7-GDF,5
29,4,Around the Mario World ,cupcake,cupcake,GTY-5X9-XWF,around the world music level,100%,Expert,SMB,Underground,Underground,None,Medium (1:30-4 minutes),"D.A.F.T. - A story about Dry Bones, Action, Fireballs and Thwomps","Cupcake has played SMM1 and SMM2 from the moment they released. Upon finding out that creating music loops with note blocks on tracks is possible, he knew this would be his focus, and he has been improving at this ever since.",5,"Music, Action",de,YWS-09B-GDF,5
30,4,Clown Yeet,Major314,Major314,06K-4K4-0RG,Setup with a clowncar that yeets you.,100%,Expert,SMB3,Castle,Castle,None,Medium (1:30-4 minutes),Do a big jump on the note block while holding left or right to be yeeted!,"Major314 is a 15-year-old maker who has always tried to make good levels, whether they are platformers, puzzles, or even trolls. When he got Super Mario Maker 1, he fell in love with the game, and now he plays Mario Maker almost every day, trying to improve his level design.",6,Themed,fr,1Y6-5QS-3PF,5
31,4,Bonehead Bunker,Supernovaãƒ„,Supernovaãƒ„,GDQ-N8B-4SF,NSMBW 8-7 inspired level,100%,Super Expert,SMB3,Castle,Castle,None,Medium (1:30-4 minutes),"Inspired by 8-7 from NSMBW, Bonehead Bunker is a fast-paced roller coaster type level that'll surely keep you on your toes! Interested in the cake? Well, I hear there's a Bonehead Blueberry flavored cake stashed around here somewhere. ;)",Supernova is a new addition to the YMM crew. He's a platforming enthusiast and boss battle revolutionizer who loves making contraptions. He looks to one day expand his level design operations to other games.,6,Action,us,KMP-9SC-GHG,5
32,4,The Lord of the Shellmets,Four Wings,Tetrapteryx,8NS-PTQ-QWF,Infinite checkpoint puzzle level based on spiny shellmets.,100%,Expert,SMW,Ground Night,Castle,None,Long (> 4 minutes),"Legends that linger in traces of thought
Tell of the crowns that were wickedly made.
One for the Witch-king of Angmar was wrought,
Eight for the lesser wraiths, shrouded in shade,
Six for the orc-lords whose fealty was bought,
Four for the humans whose hopes were betrayed,
Crafted by the power of the Lidless Eye
In the land of Mordor where the shadows lie.

Legends recall how the Dark Lord once fell,
Shorn of his might when the One Ring was broken.
Mordor has faded but all is not wellâ€”
Kindled from fables a new fear has woken.
Bowser has risen like Smaug in a shell,
Gathering relics of power unspoken.
Darkly shine the crowns beneath the misty hills,
As the crown of Morgoth shone with Silmarils.

Be strong, all you peoples, and do not despair,
You plumbers and hobbits and fungi that speak,
For he who fights turtles is Aragorn's heir,
With power to fix Middle-Earth's greatest leak.
The Lord of the Shellmets awaits in his lair,
With relics the mighty are tempted to seek.
Heroes shall destroy the crowns of evil kings,
As their ancestors unmade the ruling Rings.","Four Wings, also known as Tetrapteryx or Jon, is an American science writer with a special interest in paleontology and evolution. He's written more or less the same biography of himself for 2YMM, 3YMM, and 4YMM, so this year he's instead giving a biography of his username. <a target=""_BLANK"" rel=""noopener"" href=""https://www.google.nl/books/edition/Zoologica/JOk4AAAAIAAJ?hl=en&gbpv=1&dq=%22a+tetrapteryx+stage+in+the+ancestry+of+birds%22&printsec=frontcover"">Tetrapteryx</a> (meaning ""four wings"" in Greek) is a theoretical stage in the evolution of birds proposed in 1915 by the naturalist William Beebe, and which eventually became supported by fossils discovered in the 21st century.",7,Puzzle,us,M0M-1QX-CMG,5
33,5,Mega Mario vs Ball Man,mini borf,mini barf,VYJ-XXG-Q6G,Megaman tribute with a miniboss and final boss.,100%,Expert,SMB3,Desert,Desert,None,Medium (1:30-4 minutes),"To defeat Ball Man, you must penetrate deep into the Ball Fortress...","Mini Barf is a maker from the Democratic Republic of Canadia whose interests include Mario Maker, Monster Rancher 2, and hanging out with friends.",6,"Action, Themed",ca,RG5-9T5-4BG,6
34,5,Phantom Parade,Frank88,Frankdeslimste,BFX-YWF-PYG,A level about (moving) Boo stacks,100%,Expert,SMB3,Castle,Castle,None,Medium (1:30-4 minutes),The odds are stacked against you as the Boos pile up and surround you!,Frank is still upset he didn't get the game early enough to prevent having to slap 88 behind his name. He is however extremely happy to be part of this great project.,5,Action,nl,FPF-40K-BSF,6
35,5,Spookswamp Romp,nabuz,nickabuz,L7R-T93-TRG,Vine platforming on sinking vines / downward autoscroll + vines floating on poison,100%,Expert,NSMBU,Forest Night,Forest Night,None,Medium (1:30-4 minutes),Escape the haunted swamp and let the vines lead the way! Just don't let them drag you down to your poisonous grave...,"Nabuz is ecstatic to be back for 7MMC, and can't believe it's been a year since his 5YMM level came out two weeks ago!",6,Action,us,1HM F9N RQF,6
36,5,POWer Circuits,Grakowsky,grakowsky,3CR-Q53-VHG,Red pow chaining puzzle,100%,Normal,3DW,Snow,Snow,None,Medium (1:30-4 minutes),"Through several years of heavy taxes, non-refundable donations, and political controversy, the scarcely populated Snow Kingdom is finally on the POWer grid! Homeowners have scrambled to hire workers from the neighboring POWer company to install POWer circuits in their homes. However, there have been multiple complaints of shoddy workmanship and concerns over the quality of installation begin to grow. One customer, who wishes to remain anonymous, stated: ""It's like they sent a plumber to do an electrician's job!"" Now homeowners are looking to the Snow Kingdom to fix their POWer circuits. With a lack of affordable technicians in the area and spending already over budget, the Snow Kingdom has placed a small advertisement in the classified section of the local newspaper <i>Snow Time Like the Present</i> that reads: ""Looking to recruit an eager candidate willing to learn a new trade and forego monetary compensation. Cake will be provided upon full restoration of POWer.""",Grakowsky has been fed a healthy dose of puzzles and therefore has not exploded... yet.,3,"Puzzle, Themed",us,PTT-B4F-TBG,6
37,5,All Your Boss Bass,Mogsy127,Mogsy,H64-WC2-VNG,Zero Wing music level,100%,Expert,SMB3,Forest,Forest,None,Medium (1:30-4 minutes),How are you gentlemen!! All your base are belong to us. You are on the way to destruction. What you say!! You have no chance to survive make your time. Ha Ha Ha Ha....,"Mogsy is a 33-year-old moogle who makes music in Mario Maker. He is a purveyor of memes and pranksâ€”some of which only funny to him. Beware of shinies and expect a mad lad, fakeout, or feesh.",6,"Music, Autoscroll",us,CXY-L0L-6PF,6
38,5,Railgun Run,Pinktops,Pinktops,JN4-6J7-N2G,Low gravity shell cart; death-defying amusment part ride,100%,Super Expert,SMB,Airship Night,Airship Night,None,Medium (1:30-4 minutes),"Disclaimers and guide: The Pinktops Corporation assumes no liability for injury, fatalities, or emotional or psychic trauma experienced by patrons. We kindly ask that corpses and any severed appendages be deposited in the nearest pit. Spectators are encouraged to cheer on their champions, but to please refrain from mocking wounded riders. One pink coin for each year of Mario Maker is required to access the concession stand.","Pinktops uses advanced mechanics to make memorable traditional courses that are, above all else, fun! AKA ""Pink Triceratops"" in the maker community, he is creative, cretaceous, and has three horns... which is 3x better than a unicorn. ",8,Action,us,P57-2X6-K4G,6
39,5,Thwompin' at the Savoy,QuixoticN,QuixoticNeutral,KD8-8WM-9MG,Boot platforming over unstable Thwomps in lava.,100%,Expert,SMB3,Castle,Castle,None,Medium (1:30-4 minutes),"Roy thought it would be awful swell to renovate his decommissioned fortress into a luxury resort with a swingin' ballroom for the ages, an Art Deco palace with a red-hot floor that sizzles with the shuffle. But by now you know what the construction sector in the Mushroom Kingdom is like, and already all the tilework is a shifty, crumbling wreck. Time to put on your dancing shoes, stomp on all the safety violations, and show the proprietor of the Hotel Chez Roy who's boss!","QuixoticN is a jazz musician who has never built a music level, a puzzle-solving streamer who has never built a puzzle level, and a tournament Scrabble player who has never built a Scrabble level. Fortunately for his latest contribution to the Years of Mario Maker festivities, he is neither a platform nor a gimmick.",5,Action,ca,9PB-NWD-PLG,6
40,5,Marioid Dread,zen-mai*,zenmai,zenmai,Metroid music and theme,100%,Normal,SMB,Forest Night,Forest Night,None,Medium (1:30-4 minutes),"EMERGENCY ORDER: DEFEAT THE MARIOID CODE-NAMED ""DREAD""!","Zen-mai* is a Japanese level maker who is into creating music courses, and who discovered a very effective looping music technique that he is proud to call the Zenmai Method.",4,Music,jp,3GS-0MD-RQF,6
41,6,Clear Pipe Switch,Persia,Persia,S8Q-3GQ-45G,Clear pipe trick,100%,Super Expert,3DW,Castle,Castle,None,Medium (1:30-4 minutes),Pokey is surprised at the vast design space provided by clear pipes. It seems clear pipes can do everything from toggling on/off switches to activating exclamation blocks!,"Persia is a big fan of Nintendo games who makes unique levels in SMM2, and who takes his name from the MS-DOS version of the classic video game Prince of Persia. He hates pineapple pizza.",6,Autoscroll,kr,3SY-4TJ-92G,6
42,6,Flying Fish Foray,Ry-Bonez,rybonez,B14-8HN-D8G,Smb2 mushroom autoscroller that involves throwing fish and riding them.,75%,Expert,SMB,Airship Night,Airship Night,None,Medium (1:30-4 minutes),"Fling floating fish fast and far, forget fundamentals, and focus on finding flying footholds in this fun foray.","Rybonez is an American maker who focuses primarily on platforming challenges with occasional puzzle or precision elements. In his opinion, the most satisfying levels and challenges are those that require not only timing and skill, but also anticipation and creativity. Also, alliteration's absolutely always an awesome addition.",6,Autoscroller,us,WBN-GM9-7KG,6
43,6,Tides Reversed It,Tino,Tino,GFH-TQJ-NSG,Surfing moving platforms over rising and falling lava,100%,Super Expert,SMB3,Castle,Castle,None,Short (< 1:30 minutes),"While on a long journey, you find yourself inside a highly active volcanic castle. Surf and make your way across the ever rising and falling lava to escape to safety.","Tino is known for the variety of different types of levels he made. Although his passion for Mario Maker has been declining after 4YMM in which he contributed, he still got himself to work on a level for this year's project.",5,Action,de,HL1-FK1-9FG,6
44,6,Shifting Starship Galaxy,â™ªRBCâ™ª,WBC [KR],6S2-8YD-6JG,"Unlike other planets, there are many anomalous places. Be careful.",100%,Normal,NSMBU,Sky,Forest Night,None,Long (> 4 minutes),"Let's go on an adventure while listening to good loop music! Mario approaches a galaxy unlike any other, full of gadgets, anomalies, and blocks that appear and disappear. Can Mario navigate these obstacles cautiously enough to rescue his friend from certain danger?","RBC is a very prolific music level maker, since it's actually the only course type he's good at. However, he took the opportunity to level up his craft with the help of the other 7MMC participants.",2,Music,kr,763-6GN-82G,6
45,6,Enigmatic Explosives,Zurfink,Zurfink,4N3-DGJ-QYF,Simple puzzely platformer where on/off state changes when throwing bombs in lava,100%,Normal,SMB,Castle,Castle,None,Medium (1:30-4 minutes),Someone seems to have tinkered with your explosives! Your bombs can change the state of blocks when reaching high temperatures. Utilise this newfound ability to traverse the castle towers.,"Zurfink is a Swedish software engineer who has always been a fan of Nintendo. He started making levels in Super Mario Maker 2, and this is his second year as a contributor to the annual celebrations.",4,"Traditional, Puzzle",se,MNP-CK6-5PG,6
46,6,Pale Pair of Para-Thwomps,Salt Lake,SaltLakeAtrocity,4X3-DFP-MBG,Parachute thwomps with random shit on top of them,100%,Super Expert,SMW,Underground,Underground,None,Medium (1:30-4 minutes),"Mario has found a pale pair of Para-Thwomps and wants to go for a ride. Despite Marioâ€™s intense desire, these Thwomps remain stiff and unflinching to his advances. Even an offer of mushrooms, and hype for his fabled jumping prowess could not sway them from their firm posture. Will Mario convince them to gravitate in his direction, or will he be crushed by the mounting pressure? ","Salt Lake, like all other landlocked bodies of water, prefers fast-paced video games that donâ€™t waste time with peripheral details like double-entendres or wordplay jokes. As a self-respecting mass of hydrogen and sodium chloride, Salt Lake has no time for such things and is far too busy maintaining salinity through an increased evaporation rate. But like all endorheic lakes, this might just be a means from which to run from a self-aware existentialism so massive that its buoyancy is nullified by its sheer Lovecraftian horrorâ€”or fast-paced platforming is just fun. ",8,Action,us,MLL-QMQ-FJG,6
47,6,Maker Walk,Koneko,Koneko,DQ6-2SV-GVG,Music level utilising the different powerups in SMB1.,100%,Expert,SMB,Ground,Underground,None,Long (> 4 minutes),"A crossover in a 7MMC level?! Mario pretends to be Furret in this musical adventure. Use different power-ups to open up many paths, so you can walk to new and exciting places unscathed.","Koneko is a Dutch Mario Maker streamer who enjoys creating levels in a wide range of genres, from the technical to the musical, with a side of trolls and more. Even after six years of playing, they're not very good at the game... but that's okay, because then their creations can never be too frustrating (apart from the trolls, of course).",4,"Autoscroll, Music",nl,W8P-K4T-L8G,6
48,6,Magma Surf,Major314,Major314,06K-4K4-0RG,Landing in Dry Bone Shells moving in lava,100%,Super Expert,SMB,Castle,Castle,None,Medium (1:30-4 minutes),Mario needs to use carcasses of dry bones to surf over lava pits at high speeds. Have fun!,"Major314 is a 15-year-old maker who has always tried to make good levels, whether they are platformers, puzzles, or even trolls. When he got Super Mario Maker 1, he fell in love with the game, and now he plays Mario Maker almost every day, trying to improve his level design.",7,Action,fr,HXV-FBX-6BG,6
49,7,Bootstrapped,Wariuzzo,Wariuzzo,X41-LQ0-QNG,Fly between on/off switches blocks with winged boot,75%,Super Expert,SMB3,Sky,Sky,None,Medium (1:30-4 minutes),"Use the on/offs to stick to the ceilings and fly around with your winged boot. Better keep your boot on when you hit an on/off block, or there will be trouble!","Wariuzzo is an Italian guy who likes to play video games, in particular the platformer genre. In Mario Maker he loves to craft challenging levels that revolve around a unique concept or unexplored mechanic, making them enjoyable for all types of players.",7,"Autoscroll, Themed",it,99Q-3G6-DFG,6
50,7,Wendy's Hot Drinks,com_poser,com_poser,DX3-W09-JDF,Hot drinks really get you going.,100%,Expert,SMB,Castle,Castle,None,Medium (1:30-4 minutes),"Mario has been tasked by the Mushroom Kingdom High Council to infiltrate Wendy's and uncover the secret to how they prepare Hot Drinks. While attempting to steal the prized VHS training video, Mario is caught red-handed by Wendy and must fight his way out. Uncover the truth, fill it up to the line, and get yourself a juicy slice... of cake. If you make it out alive, report your findings to the High Council.","Every year, com_poser is called upon by Kiavik to create a level for YMM featuring a random meme. If this meme means nothing to you, you're not alone. Write a letter to Google, mail it in, wait 2-4 weeks for a reply, and then enjoy this level responsibly. Stay thirsty, friends.",7,"Autoscroll, Music",us,HV3-6QF-YQF,6
51,7,Infiltration Station,Paxsman,Paxsman,S2W-5WH-JLG,Level that changes based on if you have a Goomba Mask,100%,Normal,3DW,Ghost House,Ghost House,None,Medium (1:30-4 minutes),"To infiltrate this spooky station you'll want to keep your goomba mask. Unless you think you're really cool and want to invade without a disguise... but that's a bit arrogant, isn't it?","Pax is a E-list Mario celebrity trying to climb up to C-list with his newest innovation, the Unrefreshing level, featuring complete silence and complete darkness!",5,Themed,us,W0Y-TC2-WYG,6
52,7,A Pile of Sans,Mang,derjoghurthose,SV5-0FW-3MG,Skullraft-Rectangle ,100%,Expert,NSMBU,Desert,Desert Night,None,Medium (1:30-4 minutes),Hangin' out with the skullboys!,Mang is no longer Mang. D: (jk),6,Action,de,CSR-GHG-JJG,6
53,7,Super Meat Dress,Ben S,Ben S,LRK-PNN-CPF,Paparazzi Arrives Seeing Lady Gaga's Meat Dress,100%,Expert,SMB,Ground Night,Ground Night,None,Medium (< 1:30-4 Minutes),"Ready for those flashing lights, they'll chase you down untilâ€¦",Ben S is a new addition to the YMM crew. He is a music aficionado and meddles with mangling many magnificent melodies.,6,Music,us,9YV-XNV-LNF,6
54,7,Master of Puppets,Mr Sparky,MrElectrodude,G11-K69-LGG,Nighttime chainchomps losing their AI in various ways,100%,Expert,SMW,Ground Night,Ground Night,None,Medium (1:30-4 minutes),It seems like the chomps are being controlled by an unknown force... better watch out for unexpected behaviour!,"Mr Sparky, or MrElectrodude, is a 20-year-old computer science student from the Netherlands with a passion for playing games. He supposes he should say something new this time... uhhh, he likes soccer? Yeah, that should do.",7,Action,nl,FMD-BKG-LRG,6
55,7,Spinic the Hedgehog,ShuShuro,ShuShuro,5T5-H68-N7G,Sonic music and Obstacle level,100%,Normal,SMB,Forest,Forest,None,Medium (1:30-4 minutes),Mario decides to become like Sonic to prevent the Mushroom Kingdom from turning into Eggman Land. Will you chase or be chased in this fight with Dr. Egg... Roy? And where will the miracles sung by the Chaos Emeralds take you?,"ShuShuro has a huge attachment to Nintendo games and loves to create classic-style levels. As our knowledge of maker technology advances day by day, so does his interest in mimicking other games.",5,"Music, Themed",kr,7LW-C2Y-F1H,6
56,7,Cratest Story Ever Told,Kiavik,Kiavik,4D5-TCL-WMG,Puzzles based on 3DW's crates buoyancy property,100%,Normal,3DW,Underwater,Forest,None,Long (> 4 minutes),"In the beginning Kiavik created the project and the level. And the level was without form, and void; and soft-locks were upon the face of the deep. And the Spinies of Kiavik moved upon the face of the waters. And Kiavik said, Let there be crates: and there were crates.","Kiavik spent all of 5YMM hyped for Bonfire Peaks while waiting for players to find his cake, and one full year later (rounded up), was inspired to make a level that also revolves around moving crates everywhere.",5,Puzzle,it,PFK-C9M-1MF,6
57,8,All Is Dust ,GreenStarC,GreenStarC ,Y56-8L8-FKF ,Platformer where Skewers destroy and build new Paths ,100%,Expert,SMW,Castle,Castle,None,Medium (1:30-4 minutes),"Scramble over surfaces that appear on the fly! As the castle is smashed to pieces, new platforms will emerge from the wreckage.","GreenStarC wishes to thank all the players who offered feedback and posted entertaining comment cards on Into the Wurmhole. Some of these made him especially happy and deserve an honourable mention. For the amazing artwork: Usabell, Mang, Gilmore, Fusiongt. And for the colourful comments: Walrus!, Tave, DannyBruh, Scriabin, Sgt. Bomb, Kokoloko. You all made his day; now enjoy his latest level! ",5,Action,ch,1YN-693-5MF,6
58,8,Powerless Plumber,Luwuka,Luwuka,YY5-WK9-30G,Getting rid of red pow box to use super hammer,100%,Expert,3DW,Underground,Underground,None,Medium (1:30-4 minutes),"It's a hard-knock life down in the mines: OSHA violations, unpaid overtime, no sunlight for days at a time. It's enough to make a manic miner out of Mario. Time to beat up your boss and steal his car.","Luwuka is sad because the project is near its end, and soon Luwuka will need to go back to the basement. Where is 7YMM?",4,"Action, Puzzle",br,YF7-7YR-67G,6
59,8,Rightplace,Ms. Yarrow,ms_yarrow,KNT-G1N-X8G,A looping music level about putting everything in its right place,100%,Normal,SMB3,Ground Night,Ground Night,None,Medium (1:30-4 minutes),"Yesterday I woke up sucking a lemon cake. Put everything in its right place! This one's for Kiavik, Geitje, and Kid â±¯.","Ms. Yarrow lives in a house with Mr. Yarrow, who won't play this game because they hid the questioning mushrooms. She enjoys controlling pipes with magic and wishes the gameperson to be filled with wonder.",3,"Music, Themed",us,1WR-VGP-40G,6
60,8,Cheese Block Sahara,Supernovaãƒ„,Supernovaãƒ„,GDQ-N8B-4SF ,Cool turn block platforming ,100%,Expert,SMW,Desert,Desert,None,Medium (1:30-4 minutes),"Cheese Block Sahara is a level designed to show the true potential of turn blocks, an underused and underrated course part.",Supernova likes AC/DC.,6,Action,us,WNR-C0X-6VF,6
61,8,Spikey Wakey,Lantis,Lantis,2M7-6LY-RWG,Spike Balls,100%,Expert,SMB,Ground Night,Ground Night,None,Long (> 4 minutes),"Control and manipulate the spike balls using the Dry Bones shell.

P.S. According to the 4YMM narrator, Lantis makes levels where it is impossible to die, unlike all those hard levels that hog screen time on stream... so this level is for him! Blame that fellow instead if you die a lot hereâ€”and good luck with finding the cake!","Lantis makes annoying and boring levels, but he is also the creator of the most-starred YMM levels across both Mario Maker games, [1YMM] A Tale of 2 Koopa Friends and [4YMM] Wildflower. Most of his creations are easy because he can't clear anything very hard.",5,"Action, Puzzle",ph,998-GFF-V4G,6
62,8,Baby Beanstalk Boulevard,choo_choo!,choo_choo!,WRT-DKX-NHG,A level all about traversing various small vine patterns and avoiding various obstacles,100%,Expert,SMW,Sky,Sky,None,Medium (1:30-4),Watch out for wildlife and rowdy roadblocks in this shoddy shrubbery-filled city. Also be sure to find the cool-beans secrets!,"Choo_choo is a sentient locomotive with an insatiable hunger for making levels. He's super excited to be back for another week of YMM, but less excited that he's not making a 3DW level this time around. (Shout-out to FoxMaker for his motivation, as he continues to affectionately hassle the steam engine to make more levels!)",5,Themed,us,YH6-J0G-H2G,6
63,8,Death Mountain,General BB,Geitje,WP8-TVK-Q0H,Epic Zelda Music level,100%,Super Expert,SMB,Ground Night,Ground Night,None,Long (> 4 minutes),"Beware Death Mountain, a vile evil place
Where Chomps are chained and Music Blocks play,
Where you discover yourself or are puzzled astray,
Where the path to go forward is not always cake.","General BB is your favourite makerâ€™s maker. He invented many widely adopted techniques to push the game to new limitsâ€”including his personal favourite, Global Looping Music, for which he has written extensive tutorials in his Global Music Guide. He also loves to share his inventions and posts about them regularly on <a target=""_BLANK"" rel=""noopener"" href=""https://twitter.com/bbmariomaker2"">his Twitter feed, @bbmariomaker2</a>. For this level, he put two songs from The Legend of Zelda: A Link to the Past in the game using advanced looping music techniques. <small>He also programmed this website.ðŸ¤“</small>",5,"Music, Themed",nl,FFP-LDR-R8G,6
64,8,The Light and Dark Worlds,Four Wings,Tetrapteryx,8NS-PTQ-QWF,"Tribute to Zelda: A Link to the Past, with light and dark overworlds, 2 dungeons, and 3 boss fights.",100%,Super Expert,SMB,Ground,Ground Night,None,Long (> 4 minutes),"Our plumber has no mustache on his face.
His overalls are nowhere to be seen.
The Master Sword will take a plunger's place,
With crimson cap replaced by one of green.

Instead of Princess Peach's standard tale,
Another princess gives a different quest.
An uncle's whisper warns to never fail,
For Zelda is your... (figure out the rest),

And when the war is won, and curses break
By courage facing overwhelming odds,
Could he accept a simple kiss and cake
When tempted with the power of the gods?

When he returns to pipes from whence he came,
He still will think and dream another game.","Four Wings, also known as Tetrapteryx or Jon, has been playing video games ever since he got the original NES for Christmas in 1988. His favourite video game of all time is The Legend of Zelda: A Link to the Past, so he's decided it's about time he created a tribute to that game in Super Mario Maker.",6,Themed,us,PHB-KLM-1HG,6
65,9,Burning Festival,Ichigotan,ichigotan,0V3-S5S-1XF,Action music level,100%,Expert,NSMBU,Castle,,None,Medium (1:30-4 minutes),Choose one of the four gods' weapons to protect you in the impregnable burning festival. This is all about strategy!,Ichigotan loves to make action-packed experiences that also serve as musical tributes to anime and video games.,6,Music,jp,TTV-HB3-7LG,6
66,9,Do a Barrel Mole!,MegaTefyt,MegaTefyt,6YM-S34-KXG,Riding on thrown enemies (mostly moles) in item/enemy low gravity with SMB2 mush,100%,Expert,SMB,Airship Night,Airship Night,None,Medium (1:30-4 minutes),Use the SMB2 mushroom to throw moles (and a Goomba) and ride them in low gravity. Do a barrel mole!,"MegaTefyt is a 39-year-old software developer from Germany. He is known for the Get a Life! series, but loves to make platforming levels which are not too hard. He has not made levels since 4YMM, but now he is back for the latest event.",6,Action,de,RQ9-M42-50G,6
67,9,Muncher Wave,Magatoro,Magatoro,QMX-59X-PXF,Inspired by SM3DW's world Bowser-1 Spiky Spike Bridge.,100%,Expert,SMW,Desert,Desert,None,Medium (1:30-4 minutes),"Munchers behave as waves when they bounce in harmony, which is why the wave theory of munchers has been proposed. In a certain ruin in a desert country, the existence of a mechanism that turns munchers into large waves has been confirmed, and it is believed that these were set up to repel intruders from the ruin. It is very interesting that people in far ancient times already understood this theory and applied it to the construction of these mechanisms.","Magatoro is a Japanese level creator who likes to make levels with complex mechanics and gimmicks, as you may remember vividly from New Donk Nightmare Again in 5YMM.",7,"Action, Themed",jp,958-1DQ-FGF,6
68,9,Lobstacle Course,Donkeymint,Donkeymintinc,VCK-808-4TF,Catch / jump off things shot from custom item launchers,100%,Super Expert,SMB,Sky,Sky,None,Medium (1:30-4 minutes),"Hit the things to make the things fly out, then catch the things to reach more things! ",Donkeymint Incorporated is the leading business at the forefront of donkey mint production.,8,Action,us,MDH-G9C-SWF,6
69,9,Life After Stepping,MangMang69,,4TF-6MS-74G,blue platforms in the sky,100%,Expert,SMB3,Desert,Desert,None,Medium (1:30-4 minutes),Poor Sonic's all flat now. Will you step on him again? >:(,sus,5,Action,de,W8T-WXT-KNG,6
70,9,Switchback Swamp,jacjson,jacjson,YQ1-PBL-XQG,A raft that changes direction based on which direction you are facing.,100%,Expert,SMB,Forest Night,Forest Night,None,Medium (1:30-4 minutes),"Deep in the Goombrat Wetlands lies a mysterious mire. Legend has it that the tides of this marsh change direction depending on the way one is facing. Navigate the Switchback Swamp and search for cake deep within its woods, but be warned! No traveller has ever made it out alive.",jacjson doesn't think you can pronounce jacjson.,6,Action,us,FML-1YY-9VF,6
71,9,Frostfrog Frolic,Pinktops,Pinktops,JN4-6J7-N2G,Avoid the frog suit so that you can duck slide,100%,Normal,SMB3,Snow Night,Snow Night,None,Medium (1:30-4 minutes),It's a spring cold spell and the frozen frogs can't slide! But what mischievous sorcerer cast this frigid spell?,"Pinktops uses advanced mechanics to make memorable traditional courses that are, above all else, fun! AKA ""Pink Triceratops"" in the maker community, he is creative, cretaceous, and has three horns... which is 3x better than a unicorn. ",4,Action,us,YTP-M9C-VVG,6
72,9,Monkey's Paw-er-ups,Theorymon,Theorymon,23T-F50-5WG,"Power Ups and Rotten Mushrooms are enemies, with 3 changes killing you",100%,Expert,SMB,Ground Night,Ground Night,None,Medium (1:30-4 minutes),"Deep within the crypt of the Mushronomicon, you come across a massive horde of rotten mushrooms. Left with no other choice, you are forced to call upon the aid of the Ukiki's Paw. As you wish upon the relic for a way to get deeper into the crypt, its finger curls. As expected, you see the same strange faces that smiled at your brother's accident in the factory. The face with wiry eyes begins to whisper in your ear: ""Good to see you again. I've turned most of those cursed mushrooms into power-ups. I've even prepared a most delicious cake if you can dodge every power-up and grab both keys.""

As you wonder what the catch is, the entity gives a wry smile, and speaks again. ""However, these power-ups are still cursed. If you collect 3 power-ups or rotten mushrooms without your health being replenished, I'll be forced to dispose of you. You'll make a fine addition to my dinner table, which I've set up deep within the crypt."" 

Of course, this is the catch. As usual, the face with the wiry eyes has twisted your wish into a deadly game. As you muster up your courage, you realize a horrifying fact...

These power-ups move far more strangely than rotten mushrooms do...
","Theorymon aspires to be an astrophysicist, and has a deep love for Mario Maker and competitive Pokemon. While he likes to challenge people's grasp of Mario conventions with his levels at times, Theorymon is an admirer of the ""Kishotenketsu"" style of level design that Nintendo employs in modern Mario levels as well.",5,"Action, Themed",us,RQY-YB5-77G,6
73,9,Marios Without Hats,DTSpies,DeathToSpies,VHP-1VM-NSG,Safety Dance music level,100%,Expert,SMB3,Ground Night,Ground Night,None,Short (< 1:30 minutes),"Your friends better wear a helmet when they do the Safety Dance, or they may get left behind. Enjoy the greatest hit of the Canadian new wave/synthpop group Men Without Hats. As it is with many great Canadian creations, this song only reaches its full potential after being co-opted by an American and passed on as our own.",DTSpies was left behind in '82 for refusing to dance and made this level as a shot at redemption.,6,"Music, Action",us,1R7-FKJ-VRF,6
74,9,Aperture Testing Facility,nabuz,nickabuz,L7R-T93-TRG,"Puzzle level with ""holes"" for items that all have unique behaviors",100%,Expert,SMB3,Underground,Underground,None,Long (> 4 minutes),"Welcome to Aperture Laboratories, where we develop and holistically test... holes! We've prepared the most technologically advanced holes, and we need you to test them! We're 97% sure they're safe, so if we round that number, they're 100% safe! The Aperture Elevatorâ„¢ will remember which chambers you have completed and take you to the correct floor upon deatâ€”we mean, an unsatisfactory test result. Delicious and edible cake is awarded only to the best testers, so good luck!","Nabuz is out of ideas for a maker description, so he's going to be sappy instead and thank the YMM team and entire Mario Maker community for helping make an event like this possible.",4,Puzzle,us,13Y-T9P-XMF,6
75,9,Drifting Switches,Aegis Cook,Aegis,FDF-VT6-KDF,Traditional course with automatic switching blasters,100%,Normal,3DW,Underground,Underground,None,Medium (1:30-4 minutes),Beat Blocks are not enough! Let's give 'em Beat Blasters! Don't get squished!,"Aegis is an old-school maker who sticks vehemently to traditional designs to feed on nostalgia. Clean aesthetics are his main priorityâ€”so bear the gameplay, will ya? Have fun!",6,Action,nl,FKC-6P9-7VF,6
76,9,Boom Boom Bare Knuckle,Skelthane,Skelthane,MCC-270-QKF,Autoscroll and Track Music Beat em' Up level,100%,Expert,SMB,Ground Night,Ground Night,None,Medium (1:30-4 minutes),Fight your way across a train and up the tower to the beats of Streets of Rage!,"Skelthane is a pastry chef with a love for all sorts of artistic expression, from food to maker levels. They love retro video game music, especially the work of Yuzo Koshiro and Michiru Yamane, and try to recreate some of that magic in their maker levels. They are a newer but highly dedicated maker, creating their 7MMC level in the middle of a hurricane.",5,"Music, Themed",us,K77-WTQ-2VG,6